,S1,S2,时间戳,S1持仓量,S2持仓量,交易金额,资金存量,日期
0,600000.SH,600104.SH,93006000,10000.0,2571000.0,815800800000.0,-815795072807.6,2017-11-27
1,600000.SH,600104.SH,93009000,10000.0,2571000.0,815800800000.0,273785998.01720214,2017-11-27
2,600104.SH,600000.SH,93006000,-10000.0,4472000.0,-581769600000.0,-581997149558.72,2017-11-27
3,600104.SH,600000.SH,93009000,-10000.0,4472000.0,581769600000.0,-1043727366.7337373,2017-11-27
4,600519.SH,600309.SH,125901000,10000.0,205142200.0,78263331640000.0,25804628762.765625,2017-11-27
5,600048.SH,601988.SH,125901000,-20000.0,-9460800.0,186612680000.0,373379452761.5793,2017-11-27
6,600048.SH,601988.SH,150001000,-30000.0,-4771200.0,-192050400000.0,-2529117366.1664767,2017-11-27
7,601398.SH,601288.SH,93007000,10000.0,-4649400.0,-175144320000.0,175150328980.9,2017-11-27
8,601398.SH,601288.SH,93010000,20000.0,-9298800.0,-175144320000.0,350236174226.80005,2017-11-27
9,601398.SH,601288.SH,93025000,30000.0,-12058200.0,-103979260000.0,453631931912.4,2017-11-27
10,601398.SH,601288.SH,93028000,30000.0,-12058200.0,-453990960000.0,-512977485.86997557,2017-11-27
11,601398.SH,601288.SH,93031000,0.0,0.0,0.0,-512977485.86997557,2017-11-27
12,601088.SH,600104.SH,93006000,10000.0,23963900.0,7594048520000.0,-7594043183314.5,2017-11-27
13,601088.SH,600104.SH,93009000,10000.0,23963900.0,7594047520000.0,2516678680.122578,2017-11-27
14,601169.SH,600000.SH,125901000,-20000.0,-6238400.0,401253280000.0,802832726071.6257,2017-11-27
15,601766.SH,600048.SH,93007000,-10000.0,-3066600.0000000005,366707720000.0,366860075826.384,2017-11-27
16,601766.SH,600048.SH,93010000,-20000.0,-7133200.000000001,485906720000.0,852960158545.5458,2017-11-27
17,601766.SH,600048.SH,93013000,-30000.0,-11199800.000000002,485906720000.0,1339059854580.1838,2017-11-27
18,601766.SH,600048.SH,93016000,-40000.0,-14396400.000000002,381883060000.0,1721093925342.0466,2017-11-27
19,601766.SH,600048.SH,93022000,-50000.0,-14723000.000000002,40035399999.99999,1761141763715.4426,2017-11-27
20,601766.SH,600048.SH,93025000,-60000.0,-17049600.0,278033400000.0,2039283888422.9653,2017-11-27
21,601766.SH,600048.SH,93028000,-70000.0,-19376200.0,278033400000.0,2317425629428.1074,2017-11-27
22,601766.SH,600048.SH,93031000,-80000.0,-20962800.0,189655080000.0,2507153339002.5723,2017-11-27
23,601766.SH,600048.SH,93034000,-90000.0,-24289400.0,397032400000.0,2904340872926.7617,2017-11-27
24,601766.SH,600048.SH,93037000,-100000.0,-24876000.0,70856080000.0,2975221327091.6235,2017-11-27
25,601766.SH,600048.SH,93040000,-100000.0,-24876000.0,-2974401600000.0,4944512299.441555,2017-11-27
26,601766.SH,600048.SH,93043000,0.0,0.0,0.0,4944512299.441555,2017-11-27
27,601766.SH,600048.SH,93128000,-10000.0,-1676600.0,201526700000.0,206551293673.33157,2017-11-27
28,601766.SH,600048.SH,93134000,-20000.0,-483200.0,-141316960000.0,65176601960.33226,2017-11-27
29,601766.SH,600048.SH,93137000,-20000.0,-483200.0,-60136720000.0,5119636391.738942,2017-11-27
30,601766.SH,600048.SH,93140000,-10000.0,-1546600.0,186147360000.0,191340930243.73096,2017-11-27
31,601766.SH,600048.SH,93149000,-20000.0,-2223200.0,82027700000.0,273399780124.36697,2017-11-27
32,601766.SH,600048.SH,93155000,-30000.0,-7379800.0,619449339999.9999,893094689824.2903,2017-11-27
33,601766.SH,600048.SH,93201000,-20000.0,-1223200.0,739348340000.0,153743549340.17593,2017-11-27
34,601766.SH,600048.SH,93204000,-20000.0,-1223200.0,-149007680000.0,4939470108.566661,2017-11-27
35,601766.SH,600048.SH,93207000,10000.0,5286600.0,634506679999.9999,-629567678339.8333,2017-11-27
36,601766.SH,600048.SH,93210000,10000.0,5286600.0,635564000000.0,6204543386.578159,2017-11-27
37,601818.SH,600048.SH,93007000,-10000.0,959000.0,-113895800000.0,-113935240826.16,2017-11-27
38,601818.SH,600048.SH,93010000,-10000.0,959000.0,113895800000.0,-198877314.96305275,2017-11-27
39,601288.SH,601398.SH,93007000,-10000.0,-1167400.0,70772220000.0,70806606569.734,2017-11-27
40,601288.SH,601398.SH,93010000,-20000.0,-2334800.0,70772220000.0,141606837889.46802,2017-11-27
41,601288.SH,601398.SH,93019000,-20000.0,-2334800.0,-141312960000.0,488993280.1783923,2017-11-27
42,601288.SH,601398.SH,93022000,0.0,0.0,0.0,488993280.1783923,2017-11-27
43,601288.SH,601398.SH,93025000,-10000.0,642600.0,-38305520000.00001,-37831988922.465614,2017-11-27
44,601288.SH,601398.SH,93028000,-10000.0,642600.0,38370780000.0,484667908.79178065,2017-11-27
45,601211.SH,600048.SH,125901000,-10000.0,1915100.0,224147310000.0,-400002078.18335396,2017-11-27
46,601336.SH,603993.SH,125901000,10000.0,36818200.0,2491530500000.0,818427555.6113868,2017-11-27
47,601988.SH,600048.SH,125901000,10000.0,2698500.0,319084850000.0,111145676.75660156,2017-11-27
48,600309.SH,600519.SH,125901000,-10000.0,106604599.99999999,672937725499999.9,-1206733966394.25,2017-11-27
49,603993.SH,601336.SH,125901000,20000.0,-157000.0,-48795700000.0,97580718327.81746,2017-11-27
50,603993.SH,601336.SH,150001000,30000.0,10804500.0,6944936700000.0,-4182764987.7273436,2017-11-27
0,600000.SH,600104.SH,93006000,-10000.0,12659700.0,-3996631260000.0,-3998223351572.022,2017-11-28
1,600000.SH,600104.SH,93009000,-10000.0,12659700.0,3994098320000.0,-9693174590.148077,2017-11-28
2,600030.SH,600048.SH,130002000,10000.0,-1028700.0,-116954850000.0,116959988910.0,2017-11-28
3,600050.SH,601668.SH,93006000,-10000.0,-2499700.0,239932290000.0,240033789101.613,2017-11-28
4,600050.SH,601668.SH,93009000,-10000.0,-2499700.0,-239931290000.0,435625556.58100104,2017-11-28
5,600050.SH,601668.SH,93012000,0.0,0.0,0.0,435625556.58100104,2017-11-28
6,600050.SH,601668.SH,93015000,-10000.0,-5679700.0,544824260000.0,545477368426.003,2017-11-28
7,600050.SH,601668.SH,93021000,-10000.0,-5679700.0,-544825260000.0,1409879179.7469869,2017-11-28
8,600050.SH,601668.SH,93024000,0.0,0.0,0.0,1409879179.7469869,2017-11-28
9,600050.SH,601668.SH,93030000,-10000.0,-1319700.0,126874320000.0,128334626658.75099,2017-11-28
10,600050.SH,601668.SH,93033000,-20000.0,-3819400.0,239932290000.0,368362297819.07825,2017-11-28
11,600050.SH,601668.SH,93036000,-30000.0,-6319100.0,239932290000.0,608389733390.1199,2017-11-28
12,600050.SH,601668.SH,93039000,-40000.0,-9818800.0,335631290000.00006,944154184661.8757,2017-11-28
13,600050.SH,601668.SH,93112000,-50000.0,-10318500.0,48534290000.0,992697220252.124,2017-11-28
14,600050.SH,601668.SH,93118000,-60000.0,-10818200.0,48534290000.0,1041248263558.6418,2017-11-28
15,600050.SH,601668.SH,93121000,-70000.0,-11317900.0,48534290000.0,1089800250216.3501,2017-11-28
16,600050.SH,601668.SH,93124000,-80000.0,-11817600.0,48534290000.0,1138352000622.0742,2017-11-28
17,600050.SH,601668.SH,93127000,-90000.0,-11317300.0,-47164710000.0,1091166263485.8142,2017-11-28
18,600050.SH,601668.SH,93130000,-100000.0,-11817000.0,48534290000.0,1139717538405.4272,2017-11-28
19,600050.SH,601668.SH,93133000,-110000.0,-10956700.0,-81446650000.0,1058235687073.1809,2017-11-28
20,600050.SH,601668.SH,93136000,-120000.0,-10276400.0,-64323680000.0,993883416785.2008,2017-11-28
21,600050.SH,601668.SH,93139000,-130000.0,-8596100.0,-159922680000.0,833893695280.3953,2017-11-28
22,600050.SH,601668.SH,93142000,-130000.0,-8596100.0,-831056160000.0,3979644758.1366897,2017-11-28
23,600050.SH,601668.SH,93145000,-10000.0,-319700.0,31275320000.0,35267180917.140686,2017-11-28
24,600050.SH,601668.SH,93148000,-20000.0,540600.0,-81446650000.0,-46212543815.89923,2017-11-28
25,600050.SH,601668.SH,93151000,-20000.0,540600.0,50255360000.0,3970324817.230125,2017-11-28
26,600104.SH,600000.SH,93006000,10000.0,6378000.0,833573600000.0,-833568979900.6,2017-11-28
27,600104.SH,600000.SH,93009000,10000.0,6378000.0,834209400000.0,911179668.7200245,2017-11-28
28,600519.SH,600309.SH,93006000,-10000.0,-1296986000.0,480855376200000.0,481047554928618.94,2017-11-28
29,600519.SH,600309.SH,93009000,-20000.0,-2668042000.0,508450164800000.0,989700901473940.0,2017-11-28
30,600519.SH,600309.SH,93012000,-20000.0,-2668042000.0,-992636824000000.0,-1552869287587.905,2017-11-28
31,600519.SH,600309.SH,93015000,0.0,0.0,0.0,-1552869287587.905,2017-11-28
32,600048.SH,601988.SH,93006000,10000.0,-11762300.0,-462244620000.0,462250026709.0,2017-11-28
33,600048.SH,601988.SH,93012000,20000.0,-31364600.0,-769178390000.0,1231121212622.4136,2017-11-28
34,600048.SH,601988.SH,93015000,20000.0,-31364600.0,-1233385240000.0,-2675774546.9625,2017-11-28
35,600048.SH,601988.SH,93018000,0.0,0.0,0.0,-2675774546.9625,2017-11-28
36,601398.SH,603993.SH,93015000,10000.0,135200.0,9342440000.0,-9336795469.5,2017-11-28
37,601398.SH,603993.SH,93018000,10000.0,135200.0,9301880000.0,-32846162.548411943,2017-11-28
38,601668.SH,600050.SH,93006000,10000.0,-1765100.0,-124541610000.0,124547109839.1,2017-11-28
39,601668.SH,600050.SH,93012000,20000.0,-4970200.0,-226604100000.0,351067717683.3056,2017-11-28
40,601668.SH,600050.SH,93015000,30000.0,-8615300.0,-257479590000.0,608429996871.1024,2017-11-28
41,601668.SH,600050.SH,93018000,30000.0,-8615300.0,-608815300000.0,-591700256.2855176,2017-11-28
42,601668.SH,600050.SH,93021000,0.0,0.0,0.0,-591700256.2855176,2017-11-28
43,601088.SH,600104.SH,93006000,10000.0,3159000.0,999907200000.0,-999902234959.5,2017-11-28
44,601088.SH,600104.SH,93009000,10000.0,3159000.0,999278400000.0,-296479280.7257666,2017-11-28
45,601328.SH,600048.SH,93006000,-10000.0,2266700.0,-269101300000.0,-269203231646.81,2017-11-28
46,601328.SH,600048.SH,93009000,-10000.0,2266700.0,269781310000.0,201032981.09045708,2017-11-28
47,601169.SH,600000.SH,93012000,-10000.0,-402200.0,53122440000.0,53149253218.068,2017-11-28
48,601169.SH,600000.SH,93015000,-10000.0,-402200.0,-53121440000.0,100536923.2012008,2017-11-28
49,601169.SH,600000.SH,93018000,0.0,0.0,0.0,100536923.2012008,2017-11-28
50,601169.SH,600000.SH,93024000,-10000.0,-1402200.0,183321440000.0,183494948729.2692,2017-11-28
51,601169.SH,600000.SH,93027000,-20000.0,-2804400.0,183321440000.0,366889110366.6864,2017-11-28
52,601169.SH,600000.SH,93030000,-20000.0,-2804400.0,-366923320000.0,474504453.20442665,2017-11-28
53,601169.SH,600000.SH,93033000,0.0,0.0,0.0,474504453.20442665,2017-11-28
54,601169.SH,600000.SH,93039000,10000.0,2522200.0,329649880000.0,-329175677320.2956,2017-11-28
55,601169.SH,600000.SH,93042000,10000.0,2522200.0,329398660000.0,330908228.4847339,2017-11-28
56,601288.SH,601398.SH,93006000,10000.0,438700.0,26479650000.0,-26473918334.9,2017-11-28
57,601288.SH,601398.SH,93009000,10000.0,438700.0,26435780000.0,-30014603.348890837,2017-11-28
58,601336.SH,603993.SH,93006000,10000.0,101552700.0,6546353880000.0,-6546350539740.0,2017-11-28
59,601336.SH,603993.SH,93009000,10000.0,101552700.0,6576819690000.0,32627309190.866993,2017-11-28
60,601988.SH,600048.SH,93006000,-10000.0,-1910000.0,227684000000.0,227780730165.0,2017-11-28
61,601988.SH,600048.SH,93012000,-20000.0,-4940000.0,361569000000.0,589493831440.3745,2017-11-28
62,601988.SH,600048.SH,93015000,-20000.0,-4940000.0,-588648000000.0,1664771545.6983156,2017-11-28
63,601988.SH,600048.SH,93018000,0.0,0.0,0.0,1664771545.6983156,2017-11-28
64,601988.SH,600048.SH,93021000,-10000.0,-2090000.0,249731000000.0,251495431544.5983,2017-11-28
65,601988.SH,600048.SH,93024000,-20000.0,-5060000.0,354120000000.0,605756685674.911,2017-11-28
66,601988.SH,600048.SH,93027000,-30000.0,-8210000.0,376503000000.0,982409756401.4348,2017-11-28
67,601988.SH,600048.SH,93036000,-40000.0,-11120000.0,346683000000.0,1329229994544.1968,2017-11-28
68,601988.SH,600048.SH,93039000,-50000.0,-13090000.0,235021000000.0,1564344254075.1443,2017-11-28
69,601988.SH,600048.SH,93045000,-60000.0,-15060000.0,235021000000.0,1799457728971.1711,2017-11-28
70,601988.SH,600048.SH,93048000,-70000.0,-18030000.0,354120000000.0,2153718330343.547,2017-11-28
71,601988.SH,600048.SH,93051000,-80000.0,-21000000.0,354120000000.0,2507978803483.7803,2017-11-28
72,601988.SH,600048.SH,93109000,-90000.0,-23790000.0,331845000000.0,2839950026324.371,2017-11-28
73,601988.SH,600048.SH,93112000,-100000.0,-25880000.0,249731000000.0,3089779514341.128,2017-11-28
74,601988.SH,600048.SH,93203000,-110000.0,-28970000.0,369030000000.0,3458934711169.0767,2017-11-28
75,601988.SH,600048.SH,93206000,-120000.0,-32060000.0,369030000000.0,3828110622955.3574,2017-11-28
76,601988.SH,600048.SH,93215000,-110000.0,-29970000.0,249731000000.0,3578374777544.987,2017-11-28
77,601988.SH,600048.SH,93221000,-120000.0,-31940000.0,235021000000.0,3813486689466.807,2017-11-28
78,601988.SH,600048.SH,93227000,-130000.0,-34910000.0,354120000000.0,4167744944886.8022,2017-11-28
79,601988.SH,600048.SH,93248000,-140000.0,-37820000.0,346683000000.0,4514554502650.596,2017-11-28
80,601988.SH,600048.SH,93251000,-140000.0,-37820000.0,-4502300000000.0,18519102484.202698,2017-11-28
81,601988.SH,600048.SH,93254000,0.0,0.0,0.0,18519102484.202698,2017-11-28
82,601988.SH,600048.SH,93300000,-10000.0,-1790000.0,213046000000.0,231650099488.6027,2017-11-28
83,601988.SH,600048.SH,93303000,-10000.0,-1790000.0,-212687000000.0,19258806994.83538,2017-11-28
84,601988.SH,600048.SH,93306000,0.0,0.0,0.0,19258806994.83538,2017-11-28
85,601988.SH,600048.SH,93318000,-10000.0,-2310000.0,272973000000.0,292340757220.8354,2017-11-28
86,601988.SH,600048.SH,93321000,-20000.0,-3680000.0,162191000000.0,454596297261.4973,2017-11-28
87,601988.SH,600048.SH,93327000,-30000.0,-5930000.0,265668000000.0,720369806135.3464,2017-11-28
88,601988.SH,600048.SH,93342000,-30000.0,-5930000.0,-701515000000.0,19828787877.26527,2017-11-28
89,601988.SH,600048.SH,93345000,0.0,0.0,0.0,19828787877.26527,2017-11-28
90,601988.SH,600048.SH,93348000,-10000.0,-1550000.0,183914000000.0,203816140821.26526,2017-11-28
91,601988.SH,600048.SH,93351000,-20000.0,-3040000.0,176661000000.0,380547464189.578,2017-11-28
92,601988.SH,600048.SH,93354000,-30000.0,-4530000.0,176661000000.0,557278657006.3033,2017-11-28
93,601988.SH,600048.SH,93357000,-40000.0,-6080000.0,183914000000.0,741265618295.5414,2017-11-28
94,601988.SH,600048.SH,93400000,-50000.0,-7630000.0,183914000000.0,925252449033.1921,2017-11-28
95,601988.SH,600048.SH,93403000,-60000.0,-10180000.0,302313000000.0,1227685473699.2556,2017-11-28
96,601988.SH,600048.SH,93406000,-70000.0,-12910000.0,324444000000.0,1552258215562.527,2017-11-28
97,601988.SH,600048.SH,93409000,-70000.0,-12910000.0,-1533877000000.0,20513974035.64035,2017-11-28
98,601988.SH,600048.SH,93412000,0.0,0.0,0.0,20513974035.64035,2017-11-28
99,601988.SH,600048.SH,93439000,-10000.0,-2730000.0,324444000000.0,345087497220.3404,2017-11-28
100,601988.SH,600048.SH,93442000,-20000.0,-4280000.0,183914000000.0,529074719944.1023,2017-11-28
101,601988.SH,600048.SH,93448000,-30000.0,-6830000.0,302313000000.0,831507875824.4514,2017-11-28
102,601988.SH,600048.SH,93451000,-30000.0,-6830000.0,-809854000000.0,22780393855.897182,2017-11-28
103,601988.SH,600048.SH,93454000,0.0,0.0,0.0,22780393855.897182,2017-11-28
104,601988.SH,600048.SH,93457000,-10000.0,-2670000.0,317055000000.0,339961963657.2972,2017-11-28
105,601988.SH,600048.SH,93500000,-10000.0,-2670000.0,-316521000000.0,23881367288.899082,2017-11-28
106,601988.SH,600048.SH,93503000,0.0,0.0,0.0,23881367288.899082,2017-11-28
107,601988.SH,600048.SH,93521000,-10000.0,-2550000.0,302313000000.0,326315044712.8991,2017-11-28
108,601988.SH,600048.SH,93524000,-10000.0,-2550000.0,-302313000000.0,24422649070.26101,2017-11-28
109,601988.SH,600048.SH,93527000,0.0,0.0,0.0,24422649070.26101,2017-11-28
110,601988.SH,600048.SH,93533000,-10000.0,-2610000.0,309678000000.0,334224270284.761,2017-11-28
111,601988.SH,600048.SH,93536000,-10000.0,-2610000.0,-309678000000.0,24977137990.572887,2017-11-28
112,601988.SH,600048.SH,93539000,0.0,0.0,0.0,24977137990.572887,2017-11-28
113,601988.SH,600048.SH,93545000,-10000.0,-1550000.0,183914000000.0,208964490934.57288,2017-11-28
114,601988.SH,600048.SH,93548000,-20000.0,-3100000.0,183914000000.0,392951713326.9856,2017-11-28
115,601988.SH,600048.SH,93551000,-30000.0,-5650000.0,302313000000.0,695385129647.811,2017-11-28
116,601988.SH,600048.SH,93554000,-40000.0,-8200000.0,302313000000.0,997818416411.0968,2017-11-28
117,601988.SH,600048.SH,93557000,-40000.0,-8200000.0,-972456000000.0,26714845936.54441,2017-11-28
118,601988.SH,600048.SH,93600000,0.0,0.0,0.0,26714845936.54441,2017-11-28
119,601988.SH,600048.SH,93603000,-10000.0,-2610000.0,309678000000.0,336516467151.04443,2017-11-28
120,601988.SH,600048.SH,93609000,-10000.0,-2610000.0,-309678000000.0,27269204305.269054,2017-11-28
121,601988.SH,600048.SH,93612000,0.0,0.0,0.0,27269204305.269054,2017-11-28
122,601988.SH,600048.SH,93621000,-10000.0,-1490000.0,176661000000.0,204000658225.16904,2017-11-28
123,601988.SH,600048.SH,93627000,-20000.0,-3920000.0,287619000000.0,491734201685.54364,2017-11-28
124,601988.SH,600048.SH,93630000,-20000.0,-3920000.0,-464522000000.0,27858171273.147446,2017-11-28
125,601988.SH,600048.SH,93633000,0.0,0.0,0.0,27858171273.147446,2017-11-28
126,601988.SH,600048.SH,93648000,-10000.0,-1430000.0,169420000000.0,197345730965.34747,2017-11-28
127,601988.SH,600048.SH,93651000,-10000.0,-1430000.0,-169420000000.0,28161143215.54016,2017-11-28
128,601988.SH,600048.SH,93654000,0.0,0.0,0.0,28161143215.54016,2017-11-28
129,601988.SH,600048.SH,93657000,-10000.0,-2430000.0,287619000000.0,315894947447.7402,2017-11-28
130,601988.SH,600048.SH,93700000,-10000.0,-2430000.0,-287619000000.0,28676075275.282074,2017-11-28
131,601988.SH,600048.SH,93703000,0.0,0.0,0.0,28676075275.282074,2017-11-28
132,601988.SH,600048.SH,93712000,-10000.0,-1610000.0,191179000000.0,219931332039.78207,2017-11-28
133,601988.SH,600048.SH,93715000,-10000.0,-1610000.0,-190857000000.0,29339617392.584763,2017-11-28
134,601988.SH,600048.SH,93718000,0.0,0.0,0.0,29339617392.584763,2017-11-28
135,601988.SH,600048.SH,93721000,-10000.0,-2490000.0,294960000000.0,324417355822.4848,2017-11-28
136,601988.SH,600048.SH,93724000,-20000.0,-4920000.0,287619000000.0,612151029834.4467,2017-11-28
137,601988.SH,600048.SH,93727000,-20000.0,-4920000.0,-582330000000.0,30631168404.29046,2017-11-28
138,601988.SH,600048.SH,93730000,0.0,0.0,0.0,30631168404.29046,2017-11-28
139,601988.SH,600048.SH,93742000,-10000.0,-2310000.0,272973000000.0,303713118630.29047,2017-11-28
140,601988.SH,600048.SH,93748000,-10000.0,-2310000.0,-272281000000.0,31810740549.57509,2017-11-28
141,601988.SH,600048.SH,93751000,0.0,0.0,0.0,31810740549.57509,2017-11-28
142,601988.SH,600048.SH,93754000,-10000.0,-2190000.0,258375000000.0,290288855954.9751,2017-11-28
143,601988.SH,600048.SH,93757000,-20000.0,-3380000.0,140576000000.0,430920756480.137,2017-11-28
144,601988.SH,600048.SH,93800000,-20000.0,-3380000.0,-398952000000.0,32523348855.8824,2017-11-28
145,601988.SH,600048.SH,93803000,0.0,0.0,0.0,32523348855.8824,2017-11-28
146,601988.SH,600048.SH,93806000,-10000.0,-1250000.0,147769000000.0,180351254643.3824,2017-11-28
147,601988.SH,600048.SH,93809000,-10000.0,-1250000.0,-147893000000.0,32663669766.795074,2017-11-28
148,601988.SH,600048.SH,93812000,0.0,0.0,0.0,32663669766.795074,2017-11-28
149,601988.SH,600048.SH,93821000,-10000.0,-2310000.0,272973000000.0,305745619992.79504,2017-11-28
150,601988.SH,600048.SH,93824000,-20000.0,-4620000.0,272973000000.0,578827439998.5569,2017-11-28
151,601988.SH,600048.SH,93827000,-20000.0,-4620000.0,-545024000000.0,34561588751.16069,2017-11-28
152,601988.SH,600048.SH,93830000,0.0,0.0,0.0,34561588751.16069,2017-11-28
153,601988.SH,600048.SH,93833000,-10000.0,-2310000.0,272973000000.0,307643538977.1607,2017-11-28
154,601988.SH,600048.SH,93836000,-20000.0,-4560000.0,265668000000.0,573417439174.4226,2017-11-28
155,601988.SH,600048.SH,93839000,-20000.0,-4560000.0,-538410000000.0,35756373906.66641,2017-11-28
156,601988.SH,600048.SH,93842000,0.0,0.0,0.0,35756373906.66641,2017-11-28
157,601988.SH,600048.SH,93945000,10000.0,2130000.0,251094000000.0,-215337783175.4336,2017-11-28
158,601988.SH,600048.SH,93948000,10000.0,2130000.0,250880000000.0,35624740138.187355,2017-11-28
159,600309.SH,601939.SH,93009000,-10000.0,-69552700.0,4969770780000.001,4971761597645.167,2017-11-28
160,600309.SH,601939.SH,93012000,-20000.0,-127105400.0,4112982780000.0005,9086385621335.477,2017-11-28
161,600309.SH,601939.SH,93015000,-30000.0,-193688100.0,4764383050000.001,13852669043118.469,2017-11-28
162,600309.SH,601939.SH,93018000,-40000.0,-261240800.0,4826972780000.001,18681565983394.492,2017-11-28
163,600309.SH,601939.SH,93021000,-50000.0,-330793500.0,4969770780000.001,23653316781465.434,2017-11-28
164,600309.SH,601939.SH,93024000,-60000.0,-397376200.0,4764383050000.001,28419596525272.234,2017-11-28
165,600309.SH,601939.SH,93033000,-70000.0,-464958900.0,4835882050000.001,33257387819605.227,2017-11-28
166,600309.SH,601939.SH,93036000,-70000.0,-464958900.0,-33270594350000.0,33112137169.401436,2017-11-28
167,600309.SH,601939.SH,93039000,0.0,0.0,0.0,33112137169.401436,2017-11-28
168,600309.SH,601939.SH,93051000,-10000.0,-58552700.00000001,4184381780000.0005,4219164928082.568,2017-11-28
169,600309.SH,601939.SH,93054000,-20000.0,-99045400.0,2886799240000.0,7107115302966.797,2017-11-28
170,600309.SH,601939.SH,93100000,-30000.0,-155598100.0,4041583780000.0005,11150308086906.47,2017-11-28
171,600309.SH,601939.SH,93103000,-40000.0,-201120800.0,3249491510000.0005,14401093231728.727,2017-11-28
172,600309.SH,601939.SH,93109000,-50000.0,-240643500.0,2821697510000.0,17223907209535.824,2017-11-28
173,600309.SH,601939.SH,93112000,-60000.0,-289166200.0,3463388510000.0005,20688672371033.316,2017-11-28
174,600309.SH,601939.SH,93115000,-70000.0,-337688900.0,3463388510000.0005,24153436314822.477,2017-11-28
175,600309.SH,601939.SH,93124000,-80000.0,-378211600.0,2892996510000.0,27047561752612.59,2017-11-28
176,600309.SH,601939.SH,93130000,-90000.0,-427734300.0,3534687510000.0005,30583640850265.72,2017-11-28
177,600309.SH,601939.SH,93145000,-100000.0,-469227000.0,2957998240000.0005,33542764457166.934,2017-11-28
178,600309.SH,601939.SH,93151000,-110000.0,-519749700.0,3605986510000.0005,37150166161390.38,2017-11-28
179,600309.SH,601939.SH,93212000,-110000.0,-519749700.0,-37099029610000.0,102683405158.79175,2017-11-28
180,600309.SH,601939.SH,93215000,0.0,0.0,0.0,102683405158.79175,2017-11-28
181,600309.SH,601939.SH,93306000,-10000.0,-45492700.00000001,3242794240000.0005,3346772305530.72,2017-11-28
182,600309.SH,601939.SH,93330000,-20000.0,-86985400.00000001,2957998240000.0005,6305941524969.633,2017-11-28
183,600309.SH,601939.SH,93333000,-30000.0,-117448100.00000001,2169617970000.0,8476422740475.544,2017-11-28
184,600309.SH,601939.SH,93339000,-40000.0,-143910800.0,1885221970000.0,10362389349499.867,2017-11-28
185,600309.SH,601939.SH,93342000,-50000.0,-169373500.0,1814122970000.0,12177230999790.7,2017-11-28
186,600309.SH,601939.SH,93345000,-60000.0,-203866200.0,2459605240000.0,14637811683743.658,2017-11-28
187,600309.SH,601939.SH,93348000,-70000.0,-237358900.0,2388406240000.0,17027163674780.824,2017-11-28
188,600309.SH,601939.SH,93351000,-80000.0,-270851600.0,2388406240000.0,19416514429222.754,2017-11-28
189,600309.SH,601939.SH,93354000,-90000.0,-301344300.0,2174809240000.0,21592181573137.54,2017-11-28
190,600309.SH,601939.SH,93357000,-100000.0,-331837000.0,2174809240000.0,23767847473498.754,2017-11-28
191,600309.SH,601939.SH,93400000,-110000.0,-358329700.0,1890013240000.0,25658602303698.777,2017-11-28
192,600309.SH,601939.SH,93403000,-120000.0,-384822400.0,1890013240000.0,27549355883718.246,2017-11-28
193,600309.SH,601939.SH,93406000,-130000.0,-409315100.0,1747615240000.0,29297653309531.13,2017-11-28
194,600309.SH,601939.SH,93409000,-140000.0,-432807800.0,1676416240000.0,30974722031162.344,2017-11-28
195,600309.SH,601939.SH,93412000,-150000.0,-453300500.0,1462819240000.0,32438107134645.383,2017-11-28
196,600309.SH,601939.SH,93415000,-160000.0,-478793200.0,1818814240000.0,34257628278497.074,2017-11-28
197,600309.SH,601939.SH,93418000,-170000.0,-487255900.0,605439970000.0,34863288951048.7,2017-11-28
198,600309.SH,601939.SH,93421000,-180000.0,-497718600.0,747637970000.0,35611203178618.89,2017-11-28
199,600309.SH,601939.SH,93424000,-190000.0,-516211300.0,1320421240000.0,36932128389282.25,2017-11-28
200,600309.SH,601939.SH,93427000,-200000.0,-531704000.0,1106824240000.0,38039369978483.945,2017-11-28
201,600309.SH,601939.SH,93430000,-210000.0,-549196700.0,1249222240000.0,39289065225507.305,2017-11-28
202,600309.SH,601939.SH,93433000,-220000.0,-558659400.0,676538970000.0,39965847074772.58,2017-11-28
203,600309.SH,601939.SH,93436000,-230000.0,-568122100.0,676538970000.0,40642627691418.805,2017-11-28
204,600309.SH,601939.SH,93439000,-240000.0,-578584800.0,747637970000.0,41390534487157.65,2017-11-28
205,600309.SH,601939.SH,93442000,-250000.0,-601077500.0,1605217240000.0,42996362096904.81,2017-11-28
206,600309.SH,601939.SH,93445000,-260000.0,-612540200.0,818736970000.0,43815393865293.82,2017-11-28
207,600309.SH,601939.SH,93448000,-270000.0,-632002900.0,1387528970000.0,45203443727560.69,2017-11-28
208,600309.SH,601939.SH,93451000,-280000.0,-652465600.0,1458627970000.0,46662619841154.3,2017-11-28
209,600309.SH,601939.SH,93454000,-290000.0,-676958300.0,1747615240000.0,48410897503975.12,2017-11-28
210,600309.SH,601939.SH,93457000,-300000.0,-701451000.0,1747615240000.0,50159173882817.76,2017-11-28
211,600309.SH,601939.SH,93500000,-310000.0,-726943700.0,1818814240000.0,51978676482711.12,2017-11-28
212,600309.SH,601939.SH,93503000,-320000.0,-745406400.0,1316429970000.0,53295592783093.695,2017-11-28
213,600309.SH,601939.SH,93506000,-330000.0,-763869100.0,1316429970000.0,54612507867424.69,2017-11-28
214,600309.SH,601939.SH,93509000,-340000.0,-783331800.0,1387528970000.0,56000549133830.44,2017-11-28
215,600309.SH,601939.SH,93512000,-350000.0,-803794500.0,1458627970000.0,57459716593576.83,2017-11-28
216,600309.SH,601939.SH,93515000,-360000.0,-823257200.0,1387528970000.0,58847755409986.55,2017-11-28
217,600309.SH,601939.SH,93518000,-370000.0,-843719900.0,1458627970000.0,60306920397205.16,2017-11-28
218,600309.SH,601939.SH,93521000,-380000.0,-865182600.0,1529726970000.0,61837211579089.8,2017-11-28
219,600309.SH,601939.SH,93524000,-390000.0,-884645300.0,1387528970000.0,63225246700293.17,2017-11-28
220,600309.SH,601939.SH,93527000,-400000.0,-907108000.0,1600825970000.0,64826662816060.12,2017-11-28
221,600309.SH,601939.SH,93530000,-410000.0,-926570700.0,1387528970000.0,66214695479315.08,2017-11-28
222,600309.SH,601939.SH,93533000,-420000.0,-949033400.0,1600825970000.0,67816109122554.24,2017-11-28
223,600309.SH,601939.SH,93536000,-430000.0,-969496100.0,1458627970000.0,69275266733939.516,2017-11-28
224,600309.SH,601939.SH,93539000,-440000.0,-1000988800.0,2246008240000.0,71522118068252.23,2017-11-28
225,600309.SH,601939.SH,93542000,-450000.0,-1033481500.0,2317207240000.0,73840195654431.14,2017-11-28
226,600309.SH,601939.SH,93551000,-460000.0,-1052944200.0,1387528970000.0,75228110907408.33,2017-11-28
227,600309.SH,601939.SH,93557000,-470000.0,-1071406900.0,1316429970000.0,76544951826509.16,2017-11-28
228,600309.SH,601939.SH,93603000,-480000.0,-1087869600.0,1174231970000.0,77719535389021.97,2017-11-28
229,600309.SH,601939.SH,93609000,-490000.0,-1102332300.0,1032033970000.0,78751861561149.16,2017-11-28
230,600309.SH,601939.SH,93612000,-500000.0,-1114795000.0,889835970000.0,79641991046396.66,2017-11-28
231,600309.SH,601939.SH,93615000,-510000.0,-1129257700.0,1032033970000.0,80674374097928.6,2017-11-28
232,600309.SH,601939.SH,93618000,-520000.0,-1140720400.0,818736970000.0,81493373688664.83,2017-11-28
233,600309.SH,601939.SH,93621000,-530000.0,-1160213100.0,1391620240000.0,82885484240833.27,2017-11-28
234,600309.SH,601939.SH,93624000,-540000.0,-1166675800.0,463241970000.0,83348844192132.19,2017-11-28
235,600309.SH,601939.SH,93627000,-550000.0,-1176138500.0,676538970000.0,84025585088623.66,2017-11-28
236,600309.SH,601939.SH,93630000,-560000.0,-1167571200.0,-604528300000.0,83420745483031.19,2017-11-28
237,600309.SH,601939.SH,93633000,-570000.0,-1177033900.0,676538970000.0,84097483787046.47,2017-11-28
238,600309.SH,601939.SH,93636000,-580000.0,-1177466600.0,34462700000.0,84131888110599.23,2017-11-28
239,600309.SH,601939.SH,93639000,-590000.0,-1171899300.0,-391531300000.0,83740126922374.62,2017-11-28
240,600309.SH,601939.SH,93642000,-600000.0,-1172362000.0,36647970000.0,83776714789330.14,2017-11-28
241,600309.SH,601939.SH,93645000,-610000.0,-1163794700.0,-604528300000.0,83171868806922.2,2017-11-28
242,600309.SH,601939.SH,93648000,-620000.0,-1155257400.0,-603243030000.0,82568307362079.86,2017-11-28
243,600309.SH,601939.SH,93651000,-630000.0,-1153720100.0,-105550030000.0,82462636420475.14,2017-11-28
244,600309.SH,601939.SH,93654000,-640000.0,-1144182800.0,-674342030000.0,81787945030093.75,2017-11-28
245,600309.SH,601939.SH,93657000,-650000.0,-1135645500.0,-603243030000.0,81184379645509.34,2017-11-28
246,600309.SH,601939.SH,93700000,-660000.0,-1124108200.0,-816540030000.0,80367430780579.62,2017-11-28
247,600309.SH,601939.SH,93703000,-670000.0,-1112570900.0,-816540030000.0,79550480604501.1,2017-11-28
248,600309.SH,601939.SH,93706000,-680000.0,-1104033600.0,-603243030000.0,78946911437896.84,2017-11-28
249,600309.SH,601939.SH,93709000,-690000.0,-1094496300.0,-674342030000.0,78272213673682.12,2017-11-28
250,600309.SH,601939.SH,93712000,-700000.0,-1092959000.0,-105550030000.0,78166533990422.64,2017-11-28
251,600309.SH,601939.SH,93715000,-710000.0,-1091421700.0,-105550030000.0,78060853246845.69,2017-11-28
252,600309.SH,601939.SH,93718000,-720000.0,-1092884400.0,107746970000.0,78168553516056.52,2017-11-28
253,600309.SH,601939.SH,93721000,-730000.0,-1094347100.0,107746970000.0,78276252613616.55,2017-11-28
254,600309.SH,601939.SH,93724000,-740000.0,-1107839800.0,964426240000.0,79240972154851.72,2017-11-28
255,600309.SH,601939.SH,93727000,-750000.0,-1113302500.0,392142970000.0,79633178516194.94,2017-11-28
256,600309.SH,601939.SH,93733000,-760000.0,-1117765200.0,321043970000.0,79954163174776.89,2017-11-28
257,600309.SH,601939.SH,93736000,-770000.0,-1124227900.0,463241970000.0,80417494472321.84,2017-11-28
258,600309.SH,601939.SH,93739000,-780000.0,-1134690600.0,747637970000.0,81165334254340.45,2017-11-28
259,600309.SH,601939.SH,93742000,-790000.0,-1144153300.0,676538970000.0,81842045480498.6,2017-11-28
260,600309.SH,601939.SH,93833000,-800000.0,-1145586000.0,105461700000.0,81945883269475.55,2017-11-28
261,600309.SH,601939.SH,93839000,-810000.0,-1153048700.0,534340970000.0,82480238040119.06,2017-11-28
262,600309.SH,601939.SH,93848000,-820000.0,-1152481400.0,-36536300000.0,82443384235703.98,2017-11-28
263,600309.SH,601939.SH,93851000,-830000.0,-1150914100.0,-107535300000.0,82335702785251.6,2017-11-28
264,600309.SH,601939.SH,93854000,-840000.0,-1152346800.0,105461700000.0,82441102203488.48,2017-11-28
265,600309.SH,601939.SH,93857000,-850000.0,-1153779500.0,105461700000.0,82546500464985.3,2017-11-28
266,600309.SH,601939.SH,93900000,-860000.0,-1151212200.0,-178534300000.0,82367787972436.08,2017-11-28
267,600309.SH,601939.SH,93903000,-870000.0,-1149644900.0,-107535300000.0,82260101505356.7,2017-11-28
268,600309.SH,601939.SH,93906000,-880000.0,-1149077600.0,-36536300000.0,82223441205233.28,2017-11-28
269,600309.SH,601939.SH,93909000,-890000.0,-1148510300.0,-36536300000.0,82186779694028.52,2017-11-28
270,600309.SH,601939.SH,93912000,-900000.0,-1155973000.0,534340970000.0,82721222392160.14,2017-11-28
271,600309.SH,601939.SH,93915000,-910000.0,-1163435700.0,534340970000.0,83255663820561.61,2017-11-28
272,600309.SH,601939.SH,93924000,-920000.0,-1173898400.0,747637970000.0,84003260661649.66,2017-11-28
273,600309.SH,601939.SH,93927000,-930000.0,-1175331100.0,105461700000.0,84108649009178.22,2017-11-28
274,600309.SH,601939.SH,93933000,-940000.0,-1179763800.0,318458700000.0,84427003065310.75,2017-11-28
275,600309.SH,601939.SH,93936000,-950000.0,-1187196500.0,531455700000.0,84958553299987.72,2017-11-28
276,600309.SH,601939.SH,93945000,-960000.0,-1192629200.0,389457700000.0,85347812365570.25,2017-11-28
277,600309.SH,601939.SH,94057000,-970000.0,-1192061900.0,-36536300000.0,85308408306143.31,2017-11-28
278,600309.SH,601939.SH,94100000,-980000.0,-1192494600.0,34462700000.0,85342763014459.97,2017-11-28
279,600309.SH,601939.SH,94103000,-990000.0,-1190927300.0,-107535300000.0,85235061757940.12,2017-11-28
280,600309.SH,601939.SH,94106000,-1000000.0,-1190360000.0,-36536300000.0,85198386574935.75,2017-11-28
281,600309.SH,601939.SH,94109000,-1010000.0,-1190792700.0,34462700000.0,85232737563526.22,2017-11-28
282,600309.SH,601939.SH,94112000,-1020000.0,-1191225400.0,34462700000.0,85267087345674.23,2017-11-28
283,600309.SH,601939.SH,94115000,-1030000.0,-1190658100.0,-36536300000.0,85230408509544.86,2017-11-28
284,600309.SH,601939.SH,94118000,-1040000.0,-1190090800.0,-36536300000.0,85193728399709.14,2017-11-28
285,600309.SH,601939.SH,94121000,-1050000.0,-1198553500.0,605439970000.0,85799279917879.81,2017-11-28
286,600309.SH,601939.SH,94124000,-1060000.0,-1197986200.0,-36536300000.0,85762597328226.62,2017-11-28
287,600309.SH,601939.SH,94130000,-1070000.0,-1197418900.0,-36536300000.0,85725782068339.33,2017-11-28
288,600309.SH,601939.SH,94133000,-1080000.0,-1196851600.0,-36536300000.0,85689096998868.69,2017-11-28
289,600309.SH,601939.SH,94136000,-1090000.0,-1198284300.0,105461700000.0,85794465446889.31,2017-11-28
290,600309.SH,601939.SH,94139000,-1100000.0,-1197717000.0,-36536300000.0,85757777969835.34,2017-11-28
291,600309.SH,601939.SH,94145000,-1110000.0,-1197149700.0,-36536300000.0,85720952754229.78,2017-11-28
292,600309.SH,601939.SH,94151000,-1120000.0,-1196582400.0,-36536300000.0,85684125095255.17,2017-11-28
293,600309.SH,601939.SH,94154000,-1130000.0,-1196015100.0,-36536300000.0,85647433826240.88,2017-11-28
294,600309.SH,601939.SH,94157000,-1140000.0,-1194447800.0,-107535300000.0,85539713938617.84,2017-11-28
295,600309.SH,601939.SH,94200000,-1150000.0,-1194880500.0,34462700000.0,85574047530712.28,2017-11-28
296,600309.SH,601939.SH,94203000,-1160000.0,-1196313200.0,105461700000.0,85679407337476.95,2017-11-28
297,600309.SH,601939.SH,94221000,-1170000.0,-1196745900.0,34462700000.0,85713019340464.23,2017-11-28
298,600309.SH,601939.SH,94224000,-1180000.0,-1198178600.0,105461700000.0,85818376668074.14,2017-11-28
299,600309.SH,601939.SH,94233000,-1190000.0,-1191581300.0,-464009570000.0,85353741406776.27,2017-11-28
300,600309.SH,601939.SH,94239000,-1200000.0,-1193014000.0,105461700000.0,85458948942675.86,2017-11-28
301,600309.SH,601939.SH,94309000,-1210000.0,-1185416700.0,-534908570000.0,84922337900080.5,2017-11-28
302,600309.SH,601939.SH,94315000,-1220000.0,-1185849400.0,34462700000.0,84956512941911.05,2017-11-28
303,600309.SH,601939.SH,94324000,-1230000.0,-1186282100.0,34462700000.0,84990534155203.9,2017-11-28
304,600309.SH,601939.SH,94336000,-1240000.0,-1187714800.0,105461700000.0,85095426682051.9,2017-11-28
305,600309.SH,601939.SH,94339000,-1250000.0,-1189147500.0,105461700000.0,85200775373707.45,2017-11-28
306,600309.SH,601939.SH,94351000,-1260000.0,-1181550200.0,-534908570000.0,84665031717183.56,2017-11-28
307,600309.SH,601939.SH,94354000,-1270000.0,-1182982900.0,105461700000.0,84770377930347.05,2017-11-28
308,600309.SH,601939.SH,94357000,-1280000.0,-1184415600.0,105461700000.0,84875722904264.5,2017-11-28
309,600309.SH,601939.SH,94406000,-1290000.0,-1176818300.0,-534908570000.0,84340123208367.6,2017-11-28
310,600309.SH,601939.SH,94409000,-1300000.0,-1168221000.0,-605807570000.0,83733912139066.08,2017-11-28
311,600309.SH,601939.SH,94412000,-1310000.0,-1161623700.0,-464009570000.0,83269554464903.12,2017-11-28
312,600309.SH,601939.SH,94415000,-1320000.0,-1155026400.0,-464009570000.0,82805195637976.3,2017-11-28
313,600309.SH,601939.SH,94418000,-1330000.0,-1149429100.0,-393110570000.0,82411762910864.78,2017-11-28
314,600309.SH,601939.SH,94421000,-1340000.0,-1150861800.0,105461700000.0,82517100537444.94,2017-11-28
315,600309.SH,601939.SH,94424000,-1350000.0,-1146264500.0,-322211570000.0,82194592626833.27,2017-11-28
316,600309.SH,601939.SH,94433000,-1360000.0,-1141667200.0,-322211570000.0,81871749193671.98,2017-11-28
317,600309.SH,601939.SH,94436000,-1370000.0,-1145099900.0,247459700000.0,82119137906965.62,2017-11-28
318,600309.SH,601939.SH,94445000,-1380000.0,-1148532600.0,247459700000.0,82366185873989.42,2017-11-28
319,600309.SH,601939.SH,94448000,-1390000.0,-1144935300.0,-251312570000.0,82114600436576.0,2017-11-28
320,600309.SH,601939.SH,94539000,-1390000.0,-1144935300.0,-81808737300000.0,416220300193.4109,2017-11-28
321,600309.SH,601939.SH,94542000,0.0,0.0,0.0,416220300193.4109,2017-11-28
322,600309.SH,601939.SH,95154000,-10000.0,-462700.00000000006,36647970000.0,452881419512.0199,2017-11-28
323,600309.SH,601939.SH,95215000,-20000.0,4074600.0,-318847030000.0,133896742925.07341,2017-11-28
324,600309.SH,601939.SH,95218000,-20000.0,4074600.0,282601520000.0,416091495386.0681,2017-11-28
325,600309.SH,601939.SH,95227000,-10000.0,-1492700.0,110038240000.0,526172215597.9961,2017-11-28
326,600309.SH,601939.SH,95239000,-20000.0,-3985400.0,181237240000.0,707475414602.7019,2017-11-28
327,600309.SH,601939.SH,95257000,-20000.0,-3985400.0,-290861940000.0,416993429962.9819,2017-11-28
328,600309.SH,601939.SH,95300000,0.0,0.0,0.0,416993429962.9819,2017-11-28
329,600309.SH,601939.SH,95306000,-10000.0,8567300.0,-604528300000.0,-187777998873.52814,2017-11-28
330,600309.SH,601939.SH,95309000,-10000.0,8567300.0,603668570000.0,415042868386.506,2017-11-28
331,603993.SH,601336.SH,93006000,10000.0,-1725700.0,-1096901200000.0,1096906824945.2,2017-11-28
332,603993.SH,601336.SH,93009000,20000.0,-6451400.0,-3004898200000.0,4101441095608.3477,2017-11-28
333,603993.SH,601336.SH,93012000,30000.0,-11717100.0,-3349917910000.0005,7449999191254.828,2017-11-28
334,603993.SH,601336.SH,93015000,40000.0,-15542800.0,-2430585350000.0,9878113878577.678,2017-11-28
335,603993.SH,601336.SH,93021000,50000.0,-16008500.0,-295215210000.0,10166783061131.986,2017-11-28
336,603993.SH,601336.SH,93024000,60000.0,-23434200.0,-4733236750000.001,14896649664811.107,2017-11-28
337,603993.SH,601336.SH,93027000,70000.0,-28859900.0,-3458238750000.0005,18349938030977.824,2017-11-28
338,603993.SH,601336.SH,93030000,70000.0,-28859900.0,-18402336220000.0,-58500695467.618904,2017-11-28
339,603993.SH,601336.SH,93033000,0.0,0.0,0.0,-58500695467.618904,2017-11-28
340,601939.SH,600309.SH,93009000,10000.0,10696600.0,3967013280000.0005,-3967007683033.8003,2017-11-28
341,601939.SH,600309.SH,93012000,10000.0,10696600.0,3979849200000.0,14154752104.350996,2017-11-28
0,600000.SH,600104.SH,93009000,-10000.0,-263400.0,84532400000.0,84570931946.68,2017-11-29
1,600000.SH,600104.SH,93012000,-20000.0,-1176800.0,290389100000.0,375075151568.08014,2017-11-29
2,600000.SH,600104.SH,93015000,-30000.0,-1440200.0,84532400000.0,459639960175.22046,2017-11-29
3,600000.SH,600104.SH,93021000,-40000.0,-703600.0,-231466600000.0,228077742223.23383,2017-11-29
4,600000.SH,600104.SH,93024000,-40000.0,-703600.0,-227537600000.0,848254648.4856293,2017-11-29
5,600000.SH,600104.SH,93027000,-10000.0,736600.0,-231466600000.0,-230711381761.83438,2017-11-29
6,600000.SH,600104.SH,93030000,-10000.0,736600.0,231466600000.0,430421968.9785698,2017-11-29
7,600030.SH,600048.SH,150002000,10000.0,-4304200.0,-551172700000.0,551177196932.1,2017-11-29
8,600036.SH,601336.SH,125901000,-30000.0,-47673000.0,10093691000000.0,30293175234748.12,2017-11-29
9,600050.SH,601668.SH,93006000,-10000.0,16148100.0,-1551113410000.0,-1551728414257.277,2017-11-29
10,600050.SH,601668.SH,93009000,-10000.0,16148100.0,1551113410000.0,-2777767515.6637454,2017-11-29
11,600104.SH,600000.SH,93009000,10000.0,-25474500.0,-3303430100000.0,3303434100105.0,2017-11-29
12,600104.SH,600000.SH,93012000,20000.0,-55949000.0,-3952425100000.0,7254762299049.143,2017-11-29
13,600104.SH,600000.SH,93015000,30000.0,-81423500.0,-3303430100000.0,10555784818351.508,2017-11-29
14,600104.SH,600000.SH,93021000,40000.0,-105558000.0,-3131911550000.0,13680688500036.312,2017-11-29
15,600104.SH,600000.SH,93024000,50000.0,-128352500.0,-2960125000000.0,16636268781902.17,2017-11-29
16,600104.SH,600000.SH,93027000,60000.0,-152487000.0,-3131911550000.0,19762650233979.14,2017-11-29
17,600104.SH,600000.SH,93030000,70000.0,-176621500.0,-3131911550000.0,22887997135536.07,2017-11-29
18,600104.SH,600000.SH,93033000,80000.0,-200756000.0,-3131911550000.0,26012305233623.06,2017-11-29
19,600104.SH,600000.SH,93042000,80000.0,-200756000.0,-26072976000000.0,-86622353218.79187,2017-11-29
20,600104.SH,600000.SH,93045000,0.0,0.0,0.0,-86622353218.79187,2017-11-29
21,600519.SH,600309.SH,93006000,10000.0,-596641400.0,-223436879440000.0,223436858727053.7,2017-11-29
22,600519.SH,600309.SH,93012000,10000.0,-596641400.0,-223138553740000.0,150021003852.805,2017-11-29
23,600519.SH,600309.SH,93015000,0.0,0.0,0.0,150021003852.805,2017-11-29
24,600519.SH,600309.SH,93054000,10000.0,-599151400.0,-225156062260000.0,225306057303737.5,2017-11-29
25,600519.SH,600309.SH,93100000,10000.0,-599151400.0,-224676760140000.0,480092045004.8812,2017-11-29
26,600519.SH,600309.SH,93103000,0.0,0.0,0.0,480092045004.8812,2017-11-29
27,600519.SH,600309.SH,93106000,10000.0,-595881400.0,-223867281120000.0,224347347204889.56,2017-11-29
28,600519.SH,600309.SH,93112000,10000.0,-595881400.0,-223688525700000.0,510351220081.70624,2017-11-29
29,600519.SH,600309.SH,93115000,0.0,0.0,0.0,510351220081.70624,2017-11-29
30,600519.SH,600309.SH,93121000,10000.0,-582611400.0,-218822163980000.0,219332489243963.4,2017-11-29
31,600519.SH,600309.SH,93124000,20000.0,-1156222800.0,-215440872980000.0,434700808203589.9,2017-11-29
32,600519.SH,600309.SH,93133000,30000.0,-1723294200.0,-212870380700000.0,647139508962571.0,2017-11-29
33,600519.SH,600309.SH,93136000,40000.0,-2260365600.0,-201605410700000.0,848530478653904.8,2017-11-29
34,600519.SH,600309.SH,93142000,50000.0,-2807707000.0,-205516522840000.0,1053484498819514.9,2017-11-29
35,600519.SH,600309.SH,93145000,60000.0,-3331778400.0,-196723923700000.0,1249858964077997.5,2017-11-29
36,600519.SH,600309.SH,93148000,70000.0,-3859119800.0,-198004542840000.0,1447448935693385.0,2017-11-29
37,600519.SH,600309.SH,93151000,80000.0,-4386461200.0,-198004542840000.0,1644973166762180.0,2017-11-29
38,600519.SH,600309.SH,93154000,90000.0,-4917072600.0,-199285815980000.0,1843713040822595.5,2017-11-29
39,600519.SH,600309.SH,93157000,100000.0,-5357414000.0,-165327429840000.0,2008428328735523.8,2017-11-29
40,600519.SH,600309.SH,93200000,110000.0,-5831025400.0,-177870972980000.0,2185632520119177.5,2017-11-29
41,600519.SH,600309.SH,93203000,120000.0,-6255016800.0,-158974374140000.0,2343880976270236.0,2017-11-29
42,600519.SH,600309.SH,93206000,130000.0,-6679008200.0,-158974374140000.0,2502077894180548.0,2017-11-29
43,600519.SH,600309.SH,93209000,140000.0,-7116079600.0,-164055510700000.0,2665303251146730.0,2017-11-29
44,600519.SH,600309.SH,93212000,150000.0,-7553151000.0,-164055510700000.0,2828473341744589.5,2017-11-29
45,600519.SH,600309.SH,93215000,160000.0,-7982682400.0,-161138335420000.0,2988671875928152.0,2017-11-29
46,600519.SH,600309.SH,93218000,170000.0,-8305133800.0,-120822324860000.0,3108501485604753.5,2017-11-29
47,600519.SH,600309.SH,93221000,180000.0,-8623585200.0,-119322728860000.0,3226792501483743.0,2017-11-29
48,600519.SH,600309.SH,93224000,190000.0,-8991036600.0,-137692779860000.0,3363414009413015.0,2017-11-29
49,600519.SH,600309.SH,93227000,200000.0,-9308678000.0,-118923758440000.0,3481220850090087.0,2017-11-29
50,600519.SH,600309.SH,93230000,210000.0,-9693049400.0,-143882309300000.0,3623947708616450.5,2017-11-29
51,600519.SH,600309.SH,93233000,220000.0,-10012690800.0,-119672956440000.0,3742417825998504.5,2017-11-29
52,600519.SH,600309.SH,93236000,230000.0,-10425332200.0,-154510663440000.0,3895685654183556.0,2017-11-29
53,600519.SH,600309.SH,93239000,240000.0,-10837973600.0,-154510663440000.0,4048902263909819.0,2017-11-29
54,600519.SH,600309.SH,93242000,250000.0,-11155805000.0,-118899573020000.0,4166456564791267.5,2017-11-29
55,600519.SH,600309.SH,93245000,260000.0,-11457096400.0,-112648402740000.0,4277721354018822.5,2017-11-29
56,600519.SH,600309.SH,93248000,270000.0,-11848387800.0,-146317312740000.0,4422618445103379.5,2017-11-29
57,600519.SH,600309.SH,93251000,280000.0,-12331949200.0,-180883786880000.0,4602033506695483.0,2017-11-29
58,600519.SH,600309.SH,93254000,290000.0,-12646510600.0,-117644155880000.0,4718148587559604.0,2017-11-29
59,600519.SH,600309.SH,93257000,290000.0,-12646510600.0,-4730447386520000.0,-13869466338880.4,2017-11-29
60,600519.SH,600309.SH,93300000,0.0,0.0,0.0,-13869466338880.4,2017-11-29
61,600048.SH,601988.SH,93006000,10000.0,51681500.0,2021927650000.0,-2021922858888.7,2017-11-29
62,600048.SH,601988.SH,93009000,10000.0,51681500.0,2027095800000.0,5840868151.080254,2017-11-29
63,601398.SH,601288.SH,93015000,-10000.0,4338200.0,-162087500000.0,-162147261038.25,2017-11-29
64,601398.SH,601288.SH,93018000,-10000.0,4338200.0,162086500000.0,-287661135.252771,2017-11-29
65,601668.SH,600050.SH,93006000,10000.0,369700.0,27542430000.0,-27537550954.7,2017-11-29
66,601668.SH,600050.SH,93009000,10000.0,369700.0,27542430000.0,12347598.704126282,2017-11-29
67,601088.SH,600104.SH,93006000,-10000.0,-36421100.0,11544186590000.0,11548805129239.023,2017-11-29
68,601088.SH,600104.SH,93009000,-10000.0,-36421100.0,-11511408600000.0,53433984854.50886,2017-11-29
69,601088.SH,600104.SH,93012000,0.0,0.0,0.0,53433984854.50886,2017-11-29
70,601088.SH,600104.SH,93042000,-10000.0,-34021100.0,10763216930000.0,10820952036164.33,2017-11-29
71,601088.SH,600104.SH,93048000,-20000.0,-68042200.0,10763216930000.0,21588468534771.766,2017-11-29
72,601088.SH,600104.SH,93051000,-30000.0,-102063300.0,10763216930000.0,32355985033379.203,2017-11-29
73,601088.SH,600104.SH,93054000,-40000.0,-136084400.0,10763216930000.0,43123500755635.45,2017-11-29
74,601088.SH,600104.SH,93057000,-50000.0,-170105500.0,10763216930000.0,53891015701540.51,2017-11-29
75,601088.SH,600104.SH,93100000,-60000.0,-203126600.0,10446917930000.0,64342104445984.375,2017-11-29
76,601088.SH,600104.SH,93103000,-70000.0,-237147700.0,10763216930000.0,75109617837198.97,2017-11-29
77,601088.SH,600104.SH,93106000,-80000.0,-271168800.0,10763216930000.0,85877130454050.47,2017-11-29
78,601088.SH,600104.SH,93118000,-90000.0,-305289900.0,10791434820000.0,96672852830812.81,2017-11-29
79,601088.SH,600104.SH,93121000,-90000.0,-305289900.0,-96553753380000.0,253613630232.61517,2017-11-29
80,601088.SH,600104.SH,93124000,0.0,0.0,0.0,253613630232.61517,2017-11-29
81,601088.SH,600104.SH,93130000,-10000.0,-34121100.0,10791434820000.0,11049360850233.068,2017-11-29
82,601088.SH,600104.SH,93133000,-10000.0,-34121100.0,-10784610600000.0,279774887250.50494,2017-11-29
83,601088.SH,600104.SH,93136000,0.0,0.0,0.0,279774887250.50494,2017-11-29
84,601088.SH,600104.SH,93206000,-10000.0,-35221100.0,11135731710000.0,11419956613117.594,2017-11-29
85,601088.SH,600104.SH,93209000,-20000.0,-69442200.0,10819632710000.0,22243912217794.836,2017-11-29
86,601088.SH,600104.SH,93212000,-20000.0,-69442200.0,-21955367420000.0,319132175384.6057,2017-11-29
87,601088.SH,600104.SH,93215000,0.0,0.0,0.0,319132175384.6057,2017-11-29
88,601088.SH,600104.SH,93218000,-10000.0,-32121100.0,10159036820000.0,10482228625105.059,2017-11-29
89,601088.SH,600104.SH,93221000,-20000.0,-64142200.0,10130618930000.0,20616895049180.992,2017-11-29
90,601088.SH,600104.SH,93224000,-30000.0,-96263300.0,10159036820000.0,30779989944873.668,2017-11-29
91,601088.SH,600104.SH,93227000,-40000.0,-127384400.0,9842837820000.0,40626758678412.45,2017-11-29
92,601088.SH,600104.SH,93230000,-50000.0,-156505500.0,9210439820000.0,49840875863331.95,2017-11-29
93,601088.SH,600104.SH,93233000,-60000.0,-185626600.0,9210439820000.0,59054992267592.73,2017-11-29
94,601088.SH,600104.SH,93236000,-70000.0,-211847700.0,8290840710000.0,67349141218882.195,2017-11-29
95,601088.SH,600104.SH,93239000,-80000.0,-239068800.0,8606939710000.0,75959514730375.4,2017-11-29
96,601088.SH,600104.SH,93242000,-90000.0,-265289900.0,8290840710000.0,84253662120347.42,2017-11-29
97,601088.SH,600104.SH,93245000,-100000.0,-288511000.0,7342543710000.0,91599132693156.66,2017-11-29
98,601088.SH,600104.SH,93248000,-110000.0,-313832100.0,8003819600000.0,99606142679796.06,2017-11-29
99,601088.SH,600104.SH,93251000,-120000.0,-338053200.0,7658642710000.0,107267837036126.48,2017-11-29
100,601088.SH,600104.SH,93254000,-130000.0,-360574300.0,7114518380000.0,114385188791853.28,2017-11-29
101,601088.SH,600104.SH,93257000,-140000.0,-381895400.0,6739823600000.0,121127695213397.05,2017-11-29
102,601088.SH,600104.SH,93300000,-150000.0,-401216500.0,6107825600000.0,127237950239574.55,2017-11-29
103,601088.SH,600104.SH,93303000,-160000.0,-422537600.0,6739823600000.0,133980455085552.84,2017-11-29
104,601088.SH,600104.SH,93306000,-170000.0,-439858700.0,5475827600000.0,139458457940012.88,2017-11-29
105,601088.SH,600104.SH,93309000,-180000.0,-459379800.0,6167121380000.0,145628030082205.72,2017-11-29
106,601088.SH,600104.SH,93312000,-190000.0,-478900900.0,6167121380000.0,151797601454343.0,2017-11-29
107,601088.SH,600104.SH,93315000,-200000.0,-495322000.0,5189786489999.999,156989446513204.2,2017-11-29
108,601088.SH,600104.SH,93318000,-210000.0,-512743100.0,5505685490000.0,162497316036093.0,2017-11-29
109,601088.SH,600104.SH,93321000,-220000.0,-531064200.0,5791826600000.0,168291440264626.06,2017-11-29
110,601088.SH,600104.SH,93324000,-230000.0,-546285300.0,4813751709999.999,173107097890732.03,2017-11-29
111,601088.SH,600104.SH,93327000,-240000.0,-560506400.0,4497652709999.999,177606529367152.16,2017-11-29
112,601088.SH,600104.SH,93330000,-250000.0,-574827500.0,4527830599999.999,182136150005075.7,2017-11-29
113,601088.SH,600104.SH,93333000,-260000.0,-588248600.0,4242089489999.9995,186379914538899.66,2017-11-29
114,601088.SH,600104.SH,93336000,-270000.0,-598669700.0,3294392489999.9995,189675602485440.38,2017-11-29
115,601088.SH,600104.SH,93339000,-280000.0,-609990800.0,3579833599999.9995,193256844823043.66,2017-11-29
116,601088.SH,600104.SH,93342000,-290000.0,-622211900.0,3865454709999.9995,197123821658778.53,2017-11-29
117,601088.SH,600104.SH,93345000,-300000.0,-632433000.0,3233256710000.0,200358347029810.3,2017-11-29
118,601088.SH,600104.SH,93348000,-310000.0,-643754100.0,3579833599999.9995,203939587014502.88,2017-11-29
119,601088.SH,600104.SH,93351000,-320000.0,-655075200.0,3579833599999.9995,207520826225163.72,2017-11-29
120,601088.SH,600104.SH,93354000,-330000.0,-666296300.0,3549355709999.9995,211071574579839.7,2017-11-29
121,601088.SH,600104.SH,93357000,-340000.0,-677417400.0,3518857819999.9995,214591812070536.8,2017-11-29
122,601088.SH,600104.SH,93400000,-350000.0,-687738500.0,3263834599999.9995,217856923624080.97,2017-11-29
123,601088.SH,600104.SH,93403000,-360000.0,-698059600.0,3263834599999.9995,221122034382055.7,2017-11-29
124,601088.SH,600104.SH,93406000,-370000.0,-709280700.0,3549355709999.9995,224672779588914.22,2017-11-29
125,601088.SH,600104.SH,93409000,-380000.0,-720601800.0,3579833599999.9995,228254014095741.72,2017-11-29
126,601088.SH,600104.SH,93412000,-390000.0,-731822900.0,3549355709999.9995,231804757746584.38,2017-11-29
127,601088.SH,600104.SH,93415000,-400000.0,-742944000.0,3518857819999.9995,235324990533448.2,2017-11-29
128,601088.SH,600104.SH,93418000,-410000.0,-754165100.0,3549355709999.9995,238875732616346.4,2017-11-29
129,601088.SH,600104.SH,93421000,-420000.0,-764386200.0,3233256710000.0,242110248570102.38,2017-11-29
130,601088.SH,600104.SH,93424000,-430000.0,-776607300.0,3865454709999.9995,245977214416309.47,2017-11-29
131,601088.SH,600104.SH,93427000,-440000.0,-786728400.0,3202658820000.0,249181118696392.4,2017-11-29
132,601088.SH,600104.SH,93430000,-450000.0,-794849500.0,2570260820000.0,251752371393395.72,2017-11-29
133,601088.SH,600104.SH,93433000,-460000.0,-803970600.0,2886459820000.0,254639948661414.03,2017-11-29
134,601088.SH,600104.SH,93436000,-470000.0,-812191700.0,2601058710000.0,257242009974484.78,2017-11-29
135,601088.SH,600104.SH,93439000,-480000.0,-819312800.0,2254061820000.0,259496934902290.56,2017-11-29
136,601088.SH,600104.SH,93442000,-490000.0,-826433900.0,2254061820000.0,261751859029225.3,2017-11-29
137,601088.SH,600104.SH,93445000,-500000.0,-833455000.0,2223143930000.0,263975852122981.78,2017-11-29
138,601088.SH,600104.SH,93448000,-510000.0,-838476100.0,1590545930000.0,265566993581220.66,2017-11-29
139,601088.SH,600104.SH,93451000,-520000.0,-844497200.0,1906844930000.0,267474559645474.28,2017-11-29
140,601088.SH,600104.SH,93454000,-530000.0,-851518300.0,2223143930000.0,269698550366107.75,2017-11-29
141,601088.SH,600104.SH,93457000,-540000.0,-857539400.0,1906844930000.0,271606114893563.75,2017-11-29
142,601088.SH,600104.SH,93500000,-550000.0,-862560500.0,1590545930000.0,273197253192719.28,2017-11-29
143,601088.SH,600104.SH,93503000,-560000.0,-867581600.0,1590545930000.0,274788390688021.62,2017-11-29
144,601088.SH,600104.SH,93506000,-570000.0,-872602700.0,1590545930000.0,276379527397363.66,2017-11-29
145,601088.SH,600104.SH,93509000,-580000.0,-877523800.0,1559408040000.0,277939512984930.75,2017-11-29
146,601088.SH,600104.SH,93512000,-590000.0,-880444900.0,926610040000.0,278866446856377.53,2017-11-29
147,601088.SH,600104.SH,93515000,-600000.0,-886566000.0,1937862820000.0,280805036881700.06,2017-11-29
148,601088.SH,600104.SH,93518000,-610000.0,-889687100.0,989265820000.0,281794650024622.44,2017-11-29
149,601088.SH,600104.SH,93521000,-620000.0,-894808200.0,1621663820000.0,283416913091558.94,2017-11-29
150,601088.SH,600104.SH,93524000,-630000.0,-898729300.0,1243009040000.0,284660369284244.44,2017-11-29
151,601088.SH,600104.SH,93527000,-640000.0,-902650400.0,1243009040000.0,285903824670094.6,2017-11-29
152,601088.SH,600104.SH,93530000,-650000.0,-908571500.0,1875807040000.0,287780330199813.1,2017-11-29
153,601088.SH,600104.SH,93533000,-660000.0,-914492600.0,1875807040000.0,289656834986315.4,2017-11-29
154,601088.SH,600104.SH,93536000,-670000.0,-920413700.0,1875807040000.0,291533338987188.7,2017-11-29
155,601088.SH,600104.SH,93539000,-680000.0,-924334800.0,1243009040000.0,292776791272273.0,2017-11-29
156,601088.SH,600104.SH,93542000,-690000.0,-931155900.0,2161248150000.0,294938848858036.25,2017-11-29
157,601088.SH,600104.SH,93545000,-700000.0,-936977000.0,1844749150000.0,296784280221047.1,2017-11-29
158,601088.SH,600104.SH,93548000,-710000.0,-940898100.0,1243009040000.0,298027730149244.56,2017-11-29
159,601088.SH,600104.SH,93551000,-720000.0,-945719200.0,1528250150000.0,299556534366032.8,2017-11-29
160,601088.SH,600104.SH,93554000,-730000.0,-952540300.0,2161248150000.0,301718588830486.5,2017-11-29
161,601088.SH,600104.SH,93557000,-740000.0,-960361400.0,2477747150000.0,304197268062406.9,2017-11-29
162,601088.SH,600104.SH,93600000,-750000.0,-967182500.0,2161248150000.0,306359321028499.5,2017-11-29
163,601088.SH,600104.SH,93603000,-760000.0,-974003600.0,2161248150000.0,308521373184774.6,2017-11-29
164,601088.SH,600104.SH,93606000,-770000.0,-979824700.0,1844749150000.0,310366799050702.1,2017-11-29
165,601088.SH,600104.SH,93609000,-780000.0,-987745800.0,2508605040000.0,312876345339816.75,2017-11-29
166,601088.SH,600104.SH,93612000,-790000.0,-994866900.0,2254061820000.0,315131245933668.1,2017-11-29
167,601088.SH,600104.SH,93615000,-800000.0,-1002788000.0,2508605040000.0,317640790677701.44,2017-11-29
168,601088.SH,600104.SH,93618000,-810000.0,-1012909100.0,3202658820000.0,320844665857040.3,2017-11-29
169,601088.SH,600104.SH,93621000,-820000.0,-1022830200.0,3141403040000.0,323987260041156.2,2017-11-29
170,601088.SH,600104.SH,93654000,-820000.0,-1022830200.0,-323510310220000.0,926794449566.3567,2017-11-29
171,601088.SH,600104.SH,93657000,0.0,0.0,0.0,926794449566.3567,2017-11-29
172,601088.SH,600104.SH,93754000,-10000.0,-5521100.0,1751455480000.0,2678949038633.012,2017-11-29
173,601088.SH,600104.SH,93757000,-20000.0,-9042200.0,1117857480000.0,3797251592150.6997,2017-11-29
174,601088.SH,600104.SH,93800000,-30000.0,-10463300.0,452721590000.00006,4250151613099.389,2017-11-29
175,601088.SH,600104.SH,93803000,-40000.0,-12284400.0,578753150000.0001,4829132780582.849,2017-11-29
176,601088.SH,600104.SH,93806000,-50000.0,-13705500.0,452721590000.00006,5282031226297.412,2017-11-29
177,601088.SH,600104.SH,93809000,-60000.0,-16426600.0,863874260000.0,6146245893179.509,2017-11-29
178,601088.SH,600104.SH,93812000,-70000.0,-15347700.0,-338985960000.0,5807118770266.602,2017-11-29
179,601088.SH,600104.SH,93815000,-80000.0,-14268800.0,-338985960000.0,5467990851452.901,2017-11-29
180,601088.SH,600104.SH,93818000,-90000.0,-13089900.0,-370743850000.0,5097091561062.154,2017-11-29
181,601088.SH,600104.SH,93821000,-100000.0,-10911000.0,-687242850000.0,4409565977672.995,2017-11-29
182,601088.SH,600104.SH,93824000,-100000.0,-10911000.0,-3476030400000.0,938338495439.988,2017-11-29
183,601088.SH,600104.SH,93827000,-10000.0,2078899.9999999998,-655384959999.9999,282690627185.17615,2017-11-29
184,601088.SH,600104.SH,93830000,-10000.0,2078899.9999999998,655383959999.9999,937157185094.2352,2017-11-29
185,601088.SH,600104.SH,93833000,-10000.0,5178900.0,-1636739850000.0,-700237821909.2097,2017-11-29
186,601088.SH,600104.SH,93836000,-10000.0,5178900.0,1636220960000.0,933698905040.6019,2017-11-29
187,601328.SH,600048.SH,93012000,10000.0,-8767900.0,-1034854990000.0,1034859999747.2,2017-11-29
188,601328.SH,600048.SH,93015000,10000.0,-8767900.0,-1034854990000.0,-338982205.83994627,2017-11-29
189,601328.SH,600048.SH,93018000,0.0,0.0,0.0,-338982205.83994627,2017-11-29
190,601169.SH,600000.SH,93009000,10000.0,-1359000.0,-175648200000.0,175653163382.0,2017-11-29
191,601169.SH,600000.SH,93012000,20000.0,-2718000.0,-175648200000.0,351242614203.4286,2017-11-29
192,601169.SH,600000.SH,93015000,30000.0,-4077000.0,-175648200000.0,526773615621.2857,2017-11-29
193,601169.SH,600000.SH,93018000,40000.0,-4976000.0,-116030100000.0,642628067635.5714,2017-11-29
194,601169.SH,600000.SH,93021000,50000.0,-6875000.0,-245929100000.0,888342689165.6334,2017-11-29
195,601169.SH,600000.SH,93024000,60000.0,-8314000.0,-186319000000.0,1074365473440.3383,2017-11-29
196,601169.SH,600000.SH,93027000,60000.0,-8314000.0,-1075482600000.0,-1481534655.048042,2017-11-29
197,601169.SH,600000.SH,93030000,0.0,0.0,0.0,-1481534655.048042,2017-11-29
198,601818.SH,600048.SH,93018000,-10000.0,5868000.0,-693183600000.0,-693455567803.72,2017-11-29
199,601818.SH,600048.SH,93021000,-10000.0,5868000.0,692596800000.0,-1824636322.415382,2017-11-29
200,601288.SH,600000.SH,93009000,10000.0,-1346600.0,-174414680000.0,174419793669.2,2017-11-29
201,601288.SH,600000.SH,93012000,10000.0,-1346600.0,-174413680000.0,-52324994.94680786,2017-11-29
202,601288.SH,600000.SH,93015000,0.0,0.0,0.0,-52324994.94680786,2017-11-29
203,601211.SH,600048.SH,93009000,-10000.0,18528000.0,-2186120800000.0,-2186990143115.96,2017-11-29
204,601211.SH,600048.SH,93012000,-10000.0,18528000.0,2186120800000.0,-3919279888.448092,2017-11-29
205,601336.SH,600036.SH,125901000,10000.0,5093800.0,1486608280000.0,484358552.7697754,2017-11-29
206,601988.SH,600048.SH,93012000,10000.0,-3148300.0,-371422230000.0,371427336474.6,2017-11-29
207,601988.SH,600048.SH,93015000,10000.0,-3148300.0,-371422230000.0,-118640139.17986085,2017-11-29
208,601988.SH,600048.SH,93018000,0.0,0.0,0.0,-118640139.17986085,2017-11-29
209,600309.SH,601939.SH,93009000,10000.0,68921800.0,4897197800000.0,-4897194035718.0,2017-11-29
210,600309.SH,601939.SH,93012000,10000.0,68921800.0,4904080980000.0,8503171131.110821,2017-11-29
211,601939.SH,600309.SH,93009000,-10000.0,-19548000.0,7331210000000.0,7334145264007.0,2017-11-29
212,601939.SH,600309.SH,93012000,-20000.0,-38006000.0,6905848800000.0,14242753812327.723,2017-11-29
213,601939.SH,600309.SH,93018000,-30000.0,-57554000.0,7331210000000.0,21576892870820.58,2017-11-29
214,601939.SH,600309.SH,93021000,-40000.0,-76102000.0,6956211000000.0,28535883278396.77,2017-11-29
215,601939.SH,600309.SH,93024000,-40000.0,-76102000.0,-28480212400000.0,95354003226.077,2017-11-29
216,601939.SH,600309.SH,93027000,0.0,0.0,0.0,95354003226.077,2017-11-29
217,601939.SH,600309.SH,93030000,-10000.0,-18548000.0,6956211000000.0,7054345116576.077,2017-11-29
218,601939.SH,600309.SH,93033000,-20000.0,-37096000.0,6956211000000.0,14013335994336.791,2017-11-29
219,601939.SH,600309.SH,93036000,-30000.0,-56644000.0,7331210000000.0,21347475524008.22,2017-11-29
220,601939.SH,600309.SH,93042000,-30000.0,-56644000.0,-21243630000000.0,133444779955.60156,2017-11-29
221,601939.SH,600309.SH,93045000,0.0,0.0,0.0,133444779955.60156,2017-11-29
222,601939.SH,600309.SH,93127000,-10000.0,-18598000.0,6984260000000.0,7120496104490.901,2017-11-29
223,601939.SH,600309.SH,93130000,-10000.0,-18598000.0,-6984260000000.0,145967653939.58524,2017-11-29
224,601939.SH,600309.SH,93133000,0.0,0.0,0.0,145967653939.58524,2017-11-29
225,601939.SH,600309.SH,93136000,-10000.0,-18598000.0,6984260000000.0,7133018978474.885,2017-11-29
226,601939.SH,600309.SH,93139000,-20000.0,-38196000.0,7359759000000.0,14495719154770.898,2017-11-29
227,601939.SH,600309.SH,93142000,-30000.0,-56804000.0,6989875800000.0,21488388053425.582,2017-11-29
228,601939.SH,600309.SH,93145000,-30000.0,-56804000.0,-21332035000000.0,186076204991.78656,2017-11-29
229,601939.SH,600309.SH,93148000,0.0,0.0,0.0,186076204991.78656,2017-11-29
230,601939.SH,600309.SH,93151000,-10000.0,-18608000.0,6989875800000.0,7178745574162.346,2017-11-29
231,601939.SH,600309.SH,93154000,-20000.0,-37226000.0,6995493600000.0,14177034753178.28,2017-11-29
232,601939.SH,600309.SH,93157000,-30000.0,-55834000.0,6989875800000.0,21169703651170.266,2017-11-29
233,601939.SH,600309.SH,93209000,-40000.0,-75432000.0,7359759000000.0,28532401236978.19,2017-11-29
234,601939.SH,600309.SH,93212000,-40000.0,-75432000.0,-28327564000000.0,244307637433.92532,2017-11-29
235,601939.SH,600309.SH,93215000,0.0,0.0,0.0,244307637433.92532,2017-11-29
236,601939.SH,600309.SH,93218000,-10000.0,-18538000.0,6950607200000.0,7197692710945.065,2017-11-29
237,601939.SH,600309.SH,93330000,0.0,920000.0,7279947800000.0,-82261023008.60645,2017-11-29
238,601939.SH,600309.SH,93333000,0.0,920000.0,344264000000.0,262002976991.39355,2017-11-29
0,600000.SH,600104.SH,93006000,10000.0,5739000.0,1783251500000.0,-1783243683079.4,2017-11-30
1,600000.SH,600104.SH,93009000,10000.0,5739000.0,1782102700000.0,-552331260.5583692,2017-11-30
2,600050.SH,601668.SH,150002000,10000.0,4700000.0,454246000000.0,156368277.75964844,2017-11-30
3,600104.SH,600000.SH,93006000,-10000.0,22440400.0,-2896194680000.0,-2897345196749.096,2017-11-30
4,600104.SH,600000.SH,93009000,-10000.0,22440400.0,2893952640000.0,-7430719534.391036,2017-11-30
5,601398.SH,601288.SH,93016000,-10000.0,2337900.0,-87080250000.0,-87106958865.625,2017-11-30
6,601398.SH,601288.SH,93019000,-10000.0,2337900.0,87079250000.0,-150077210.01845092,2017-11-30
7,601668.SH,600050.SH,150002000,-10000.0,-3911700.0,273610490000.0,273727799735.353,2017-11-30
8,601088.SH,600104.SH,93009000,-10000.0,10792000.0,-3346362600000.0,-3347692765079.72,2017-11-30
9,601088.SH,600104.SH,93012000,-10000.0,10792000.0,3345283400000.0,-7075248941.821336,2017-11-30
